INSERT INTO `users` (`id`,`email`,`first_name`,`last_name`,`timestamp`) VALUES (1,"magna.Duis@magnaCrasconvallis.org","Justin","Barnes, Dalton C.","2020-09-28 01:36:25"),(2,"mauris.ipsum@tinciduntDonecvitae.co.uk","Kessie","Webb, Deacon Z.","2022-04-06 10:30:11"),(3,"non@sitametconsectetuer.co.uk","Ignacia","Sanchez, Len B.","2020-06-08 03:29:34"),(4,"at.nisi@aduiCras.com","Zephania","Schneider, Richard H.","2022-03-04 18:15:22"),(5,"In.at.pede@cursus.co.uk","Acton","Hawkins, Sacha U.","2020-12-03 13:03:28"),(6,"sem.Nulla@netusetmalesuada.com","Jesse","Holloway, Jelani K.","2022-01-30 11:45:12"),(7,"parturient@nostraperinceptos.com","Walker","Dixon, Leila J.","2021-07-30 05:18:16"),(8,"eget.magna.Suspendisse@ut.com","Samson","Wise, Abbot Y.","2022-02-02 04:11:58"),(9,"Vestibulum@nibhdolor.com","Brady","Dyer, Reuben L.","2020-07-03 12:48:55"),(10,"viverra@quamCurabitur.co.uk","Yen","Brewer, Francis Y.","2020-06-10 19:59:10");
INSERT INTO `users` (`id`,`email`,`first_name`,`last_name`,`timestamp`) VALUES (11,"ipsum.porta@eleifendnon.com","Rinah","Witt, Kelsey L.","2021-07-02 22:34:01"),(12,"Nam.tempor@aptenttacitisociosqu.org","Doris","Conway, Anastasia A.","2021-12-13 06:10:02"),(13,"interdum.feugiat@interdum.com","Xanthus","Terry, Andrew U.","2021-02-09 14:46:37"),(14,"luctus.ut@luctus.org","Ian","Barrera, Eric Y.","2021-09-16 15:10:40"),(15,"mauris.elit@eget.ca","Madeson","Lawson, Robert L.","2020-05-13 23:42:44"),(16,"ipsum.Suspendisse.non@Crasdictum.com","Camden","Atkinson, Martina I.","2021-02-02 20:19:46"),(17,"facilisis.vitae.orci@nonbibendum.com","Brendan","Mayo, Janna G.","2021-08-02 07:44:16"),(18,"Aliquam.ornare@sitametdiam.com","Karina","Hull, Hector L.","2022-03-11 23:04:34"),(19,"amet.consectetuer.adipiscing@enimNuncut.com","Quinn","Rush, Brian D.","2021-03-12 07:35:21"),(20,"mattis.Integer.eu@Praesent.net","Amethyst","Mcpherson, Octavia M.","2021-04-29 02:35:57");
INSERT INTO `users` (`id`,`email`,`first_name`,`last_name`,`timestamp`) VALUES (21,"orci.Ut.sagittis@sollicitudinadipiscingligula.net","Garrett","Holcomb, Tamara O.","2020-12-26 00:27:30"),(22,"tincidunt@nibhsit.co.uk","Griffith","Gibbs, Kessie T.","2020-07-08 16:31:19"),(23,"cursus@Donec.com","Joel","Murray, Emi Y.","2021-01-04 18:31:27"),(24,"Ut@velesttempor.com","Kameko","Mcguire, Lara U.","2021-10-31 03:39:22"),(25,"adipiscing.elit@sit.edu","Josiah","Bass, Jenette A.","2021-08-18 18:05:16"),(26,"neque.sed@blanditNam.org","Leah","Russo, Elizabeth N.","2022-05-09 08:35:45"),(27,"aliquet.nec@diam.com","Caldwell","Diaz, Jermaine H.","2021-10-15 17:54:42"),(28,"dolor.sit.amet@vulputatenisi.ca","Kai","Mcdaniel, Perry F.","2020-09-03 20:01:37"),(29,"vitae@porttitor.net","Simon","Turner, Brenna P.","2021-03-17 02:21:44"),(30,"nec@volutpatnuncsit.co.uk","Joan","Nguyen, Lucas R.","2021-05-18 08:35:51");
INSERT INTO `users` (`id`,`email`,`first_name`,`last_name`,`timestamp`) VALUES (31,"ac.ipsum@venenatisvelfaucibus.net","Riley","Guerra, Leilani R.","2021-11-23 20:12:12"),(32,"sapien.Nunc.pulvinar@tristiqueaceleifend.com","Amos","Kennedy, Gage A.","2020-12-23 20:36:33"),(33,"ornare.libero.at@nisi.com","Bo","Rivera, Boris G.","2021-10-09 00:45:37"),(34,"sit@dictum.ca","Chancellor","Rhodes, Pamela X.","2021-08-25 18:19:16"),(35,"lectus.convallis.est@Nunc.edu","Coby","Hogan, Xander Q.","2022-03-05 13:15:01"),(36,"Morbi@euismod.net","Winifred","Grant, Kasimir U.","2021-01-23 01:56:15"),(37,"libero.est@velpede.net","Virginia","Bartlett, Kelsie H.","2021-02-09 20:01:08"),(38,"consectetuer@inceptos.net","Aline","Rivera, Rhona J.","2020-06-29 11:34:45"),(39,"mauris.Integer@dictumeu.edu","Inga","Barrett, Magee D.","2021-03-18 10:02:39"),(40,"arcu.vel@Nullam.co.uk","Boris","Stevenson, Nicole F.","2020-06-07 06:20:59");
INSERT INTO `users` (`id`,`email`,`first_name`,`last_name`,`timestamp`) VALUES (41,"et@ornaretortorat.net","Lucian","Holmes, Felicia N.","2021-11-25 11:17:54"),(42,"hendrerit.a.arcu@interdum.edu","Kirk","Bonner, Amber Q.","2020-11-14 23:07:03"),(43,"lobortis@dignissimlacus.com","Otto","Knight, Zachary Q.","2021-09-09 00:56:53"),(44,"erat.nonummy.ultricies@massaQuisque.net","Pearl","Lindsey, Caleb D.","2021-09-16 01:54:50"),(45,"consequat.auctor.nunc@tempordiamdictum.edu","Nerea","Haynes, Bree G.","2020-07-24 22:14:20"),(46,"hendrerit.a@egestas.edu","Derek","Rush, Jamal Z.","2021-04-24 01:46:32"),(47,"luctus@justonec.net","Ray","Guthrie, Basil D.","2020-07-07 20:33:59"),(48,"Pellentesque.ut.ipsum@at.org","Aristotle","Gregory, Garrett C.","2020-07-10 07:24:58"),(49,"malesuada@ullamcorper.org","Bruno","Garza, Ella V.","2020-12-04 10:19:07"),(50,"ac.mattis.ornare@Proineget.ca","Kareem","Landry, Abdul C.","2020-06-22 20:55:44");
INSERT INTO `users` (`id`,`email`,`first_name`,`last_name`,`timestamp`) VALUES (51,"ante.dictum@laoreetliberoet.ca","Dean","Holcomb, Silas I.","2021-04-10 05:44:32"),(52,"libero@Aenean.ca","Jescie","Salazar, Marny M.","2020-05-21 08:25:58"),(53,"velit.Aliquam@Proinvel.ca","Steven","England, Keaton P.","2021-04-28 09:06:58"),(54,"Cras.eget.nisi@nislsem.edu","Judith","Patterson, Dexter B.","2020-08-05 22:55:45"),(55,"iaculis.aliquet.diam@cursusNuncmauris.org","Zia","Duffy, Bertha P.","2020-08-11 16:19:18"),(56,"in.consectetuer@rutrumeu.ca","Keith","Dorsey, Rae V.","2021-05-17 08:03:16"),(57,"arcu@sed.com","Omar","Stewart, Keane B.","2021-09-04 19:42:21"),(58,"vulputate@ornareegestasligula.ca","Abbot","Perkins, Griffin G.","2021-04-14 09:11:57"),(59,"sem.egestas.blandit@odioa.net","Susan","Watts, Valentine F.","2020-10-01 09:20:49"),(60,"nec.ligula.consectetuer@maurissagittisplacerat.co.uk","Madonna","Bonner, Nehru R.","2021-11-15 23:19:16");
INSERT INTO `users` (`id`,`email`,`first_name`,`last_name`,`timestamp`) VALUES (61,"Fusce.fermentum.fermentum@tempuseuligula.edu","Elliott","Tate, Abbot B.","2020-06-13 18:51:41"),(62,"dictum@nulla.ca","Josephine","Saunders, Diana O.","2022-04-23 08:39:48"),(63,"eu.eleifend@Curabituregestasnunc.org","Salvador","Wolf, Serina A.","2021-04-04 10:10:00"),(64,"augue.scelerisque.mollis@mattisvelit.co.uk","Ila","Byers, Porter Y.","2022-04-14 09:00:24"),(65,"parturient.montes.nascetur@dictumsapien.net","Anastasia","Pennington, Brandon Q.","2020-07-15 03:46:05"),(66,"egestas@dictumultricies.net","Xenos","English, Murphy M.","2021-05-06 12:23:06"),(67,"arcu@pedeCras.edu","Mason","Woodard, Perry Z.","2020-11-04 20:06:45"),(68,"posuere.cubilia@nequenonquam.edu","Elton","Hart, Hop Y.","2021-08-31 16:22:19"),(69,"nibh.sit@Aliquam.net","Marsden","Benson, Miriam K.","2021-03-09 21:25:36"),(70,"sit.amet.risus@variuseteuismod.edu","Griffith","Simon, Quail Q.","2021-11-20 02:52:24");
INSERT INTO `users` (`id`,`email`,`first_name`,`last_name`,`timestamp`) VALUES (71,"nunc.nulla.vulputate@egetodio.co.uk","Karina","Clemons, Kennan N.","2021-07-17 01:10:50"),(72,"ante@cursusluctusipsum.org","Jesse","Osborn, Octavia K.","2022-04-02 20:24:32"),(73,"tincidunt.tempus.risus@augue.ca","Hyacinth","Hobbs, Harrison D.","2021-03-02 21:06:51"),(74,"commodo.auctor.velit@id.com","Phyllis","Paul, Phelan A.","2021-08-01 11:38:08"),(75,"pede.et@eleifendnecmalesuada.net","Quinn","Richardson, Carissa Y.","2020-05-27 02:46:11"),(76,"pede.sagittis@convallisligulaDonec.org","Kennan","Maynard, Beau I.","2022-01-27 07:31:19"),(77,"sed.est.Nunc@fames.org","Kiara","Duffy, Kuame N.","2022-05-05 07:05:48"),(78,"Donec@tellusjusto.co.uk","Scarlett","Joseph, Mallory Y.","2020-08-11 19:10:39"),(79,"dis@consectetuer.org","Hu","Saunders, Jael L.","2021-08-26 11:18:16"),(80,"ut.lacus@ullamcorpervelitin.org","Sybil","Rivas, Faith R.","2020-10-08 14:42:31");
INSERT INTO `users` (`id`,`email`,`first_name`,`last_name`,`timestamp`) VALUES (81,"cubilia.Curae.Phasellus@viverraMaecenas.edu","Imogene","Riddle, Baxter P.","2021-12-17 03:59:19"),(82,"a.magna@justonecante.org","Tobias","Ray, Tasha Q.","2020-11-27 23:25:46"),(83,"enim@non.org","Sybil","Conway, Nita J.","2022-05-10 00:27:50"),(84,"ante.blandit@luctusvulputatenisi.net","Lois","Richards, Tarik C.","2020-05-26 20:10:01"),(85,"penatibus.et@blandit.net","Kelsie","Benton, Melodie L.","2020-12-12 05:38:11"),(86,"tincidunt.nunc.ac@purusNullamscelerisque.ca","Andrew","Bradshaw, Arsenio H.","2020-11-07 12:10:08"),(87,"Cras.convallis@sagittisNullam.net","Tanek","Macdonald, Julian U.","2020-05-13 23:46:11"),(88,"ipsum.non@Nullafacilisi.ca","Tate","Grant, Kevyn E.","2022-05-02 09:35:46"),(89,"non@inceptoshymenaeosMauris.com","Kadeem","Vazquez, Raven X.","2021-04-26 15:35:16"),(90,"Nulla@estNuncullamcorper.co.uk","Quon","Sargent, Nelle L.","2022-05-05 19:07:40");
INSERT INTO `users` (`id`,`email`,`first_name`,`last_name`,`timestamp`) VALUES (91,"ipsum@necenim.org","Amethyst","Watson, Boris G.","2022-05-04 18:42:51"),(92,"Cum@Aliquam.ca","Wallace","Wallace, Driscoll K.","2020-08-16 04:36:36"),(93,"tortor@vitae.ca","Murphy","Frost, Virginia Q.","2021-02-08 11:06:03"),(94,"Donec.feugiat.metus@semmagna.net","Veronica","Morse, Jerome O.","2022-01-01 20:44:23"),(95,"sed.libero@lorem.com","Ishmael","Gonzalez, Shaeleigh S.","2020-10-24 07:44:44"),(96,"non.luctus.sit@massanonante.co.uk","Nathan","Mayo, Jeremy G.","2021-05-04 16:42:32"),(97,"erat.vel.pede@condimentum.com","Drew","Pennington, Thaddeus H.","2021-07-11 18:29:47"),(98,"sed.dictum.eleifend@vel.com","Vladimir","Barker, Imogene B.","2021-05-30 03:27:39"),(99,"lacinia@Nunclaoreet.co.uk","Gemma","Scott, Darius E.","2020-11-15 04:14:31"),(100,"in@ipsum.co.uk","Jonah","Best, Nola G.","2020-07-30 20:47:38");


INSERT INTO `products` (`id`,`category`,`description`,`is_sold`,`name`,`price`) VALUES (1,"NECKLACE","pede blandit congue. In scelerisque scelerisque dui.",0,"semper cursus. Integer","9.51");
INSERT INTO `products` (`id`,`category`,`description`,`is_sold`,`name`,`price`) VALUES (2,"NECKLACE","nec, imperdiet nec, leo. Morbi neque tellus,",0,"vel, venenatis vel,","7.22");
INSERT INTO `products` (`id`,`category`,`description`,`is_sold`,`name`,`price`) VALUES (3,"NECKLACE","malesuada fames ac turpis egestas. Aliquam fringilla",1,"ipsum. Phasellus vitae","5.40");
INSERT INTO `products` (`id`,`category`,`description`,`is_sold`,`name`,`price`) VALUES (4,"NECKLACE","lacus. Ut nec urna et arcu imperdiet",0,"risus a ultricies","9.07");
INSERT INTO `products` (`id`,`category`,`description`,`is_sold`,`name`,`price`) VALUES (5,"NECKLACE","enim, sit amet ornare lectus justo eu",1,"consectetuer rhoncus. Nullam","6.87");
INSERT INTO `products` (`id`,`category`,`description`,`is_sold`,`name`,`price`) VALUES (6,"NECKLACE","laoreet lectus quis massa. Mauris vestibulum, neque",0,"scelerisque, lorem ipsum","7.72");
INSERT INTO `products` (`id`,`category`,`description`,`is_sold`,`name`,`price`) VALUES (7,"NECKLACE","vestibulum, neque sed dictum eleifend, nunc risus",0,"nisl. Quisque fringilla","7.20");
INSERT INTO `products` (`id`,`category`,`description`,`is_sold`,`name`,`price`) VALUES (8,"NECKLACE","porta elit, a feugiat tellus lorem eu",0,"consectetuer, cursus et,","9.49");
INSERT INTO `products` (`id`,`category`,`description`,`is_sold`,`name`,`price`) VALUES (9,"NECKLACE","Ut semper pretium neque. Morbi quis urna.",1,"euismod et, commodo","5.53");
INSERT INTO `products` (`id`,`category`,`description`,`is_sold`,`name`,`price`) VALUES (10,"NECKLACE","eu dui. Cum sociis natoque penatibus et",0,"at, velit. Cras","8.62");
INSERT INTO `products` (`id`,`category`,`description`,`is_sold`,`name`,`price`) VALUES (11,"BRACELET","Morbi neque tellus, imperdiet non, vestibulum nec,",1,"lorem, auctor quis,","8.99");
INSERT INTO `products` (`id`,`category`,`description`,`is_sold`,`name`,`price`) VALUES (12,"BRACELET","velit. Aliquam nisl. Nulla eu neque pellentesque",0,"diam. Sed diam","7.67");
INSERT INTO `products` (`id`,`category`,`description`,`is_sold`,`name`,`price`) VALUES (13,"BRACELET","enim consequat purus. Maecenas libero est, congue",0,"massa non ante","7.57");
INSERT INTO `products` (`id`,`category`,`description`,`is_sold`,`name`,`price`) VALUES (14,"BRACELET","faucibus orci luctus et ultrices posuere cubilia",1,"lectus pede et","6.58");
INSERT INTO `products` (`id`,`category`,`description`,`is_sold`,`name`,`price`) VALUES (15,"BRACELET","ac sem ut dolor dapibus gravida. Aliquam",0,"pede. Cum sociis","9.16");
INSERT INTO `products` (`id`,`category`,`description`,`is_sold`,`name`,`price`) VALUES (16,"BRACELET","venenatis a, magna. Lorem ipsum dolor sit",0,"mus. Proin vel","5.68");
INSERT INTO `products` (`id`,`category`,`description`,`is_sold`,`name`,`price`) VALUES (17,"BRACELET","Sed et libero. Proin mi. Aliquam gravida",0,"odio. Phasellus at","7.84");
INSERT INTO `products` (`id`,`category`,`description`,`is_sold`,`name`,`price`) VALUES (18,"BRACELET","tempus risus. Donec egestas. Duis ac arcu.",0,"risus. In mi","7.45");
INSERT INTO `products` (`id`,`category`,`description`,`is_sold`,`name`,`price`) VALUES (19,"BRACELET","adipiscing fringilla, porttitor vulputate, posuere vulputate, lacus.",1,"fermentum fermentum arcu.","9.72");
INSERT INTO `products` (`id`,`category`,`description`,`is_sold`,`name`,`price`) VALUES (20,"BRACELET","erat vel pede blandit congue. In scelerisque",0,"Mauris ut quam","5.20");
INSERT INTO `products` (`id`,`category`,`description`,`is_sold`,`name`,`price`) VALUES (21,"EARRING","eros nec tellus. Nunc lectus pede, ultrices",1,"lectus convallis est,","5.12");
INSERT INTO `products` (`id`,`category`,`description`,`is_sold`,`name`,`price`) VALUES (22,"EARRING","non, hendrerit id, ante. Nunc mauris sapien,",1,"orci luctus et","9.78");
INSERT INTO `products` (`id`,`category`,`description`,`is_sold`,`name`,`price`) VALUES (23,"EARRING","risus. Donec nibh enim, gravida sit amet,",0,"nulla. Integer vulputate,","5.39");
INSERT INTO `products` (`id`,`category`,`description`,`is_sold`,`name`,`price`) VALUES (24,"EARRING","eu dolor egestas rhoncus. Proin nisl sem,",0,"non, egestas a,","7.36");
INSERT INTO `products` (`id`,`category`,`description`,`is_sold`,`name`,`price`) VALUES (25,"EARRING","nisi. Cum sociis natoque penatibus et magnis",1,"vitae diam. Proin","8.09");
INSERT INTO `products` (`id`,`category`,`description`,`is_sold`,`name`,`price`) VALUES (26,"EARRING","laoreet lectus quis massa. Mauris vestibulum, neque",0,"tempor lorem, eget","8.72");
INSERT INTO `products` (`id`,`category`,`description`,`is_sold`,`name`,`price`) VALUES (27,"EARRING","at risus. Nunc ac sem ut dolor",0,"in molestie tortor","5.59");
INSERT INTO `products` (`id`,`category`,`description`,`is_sold`,`name`,`price`) VALUES (28,"EARRING","ultrices. Duis volutpat nunc sit amet metus.",0,"orci luctus et","6.53");
INSERT INTO `products` (`id`,`category`,`description`,`is_sold`,`name`,`price`) VALUES (29,"EARRING","lectus. Cum sociis natoque penatibus et magnis",1,"vel, faucibus id,","9.62");
INSERT INTO `products` (`id`,`category`,`description`,`is_sold`,`name`,`price`) VALUES (30,"EARRING","a feugiat tellus lorem eu metus. In",1,"facilisis lorem tristique","5.20");
INSERT INTO `products` (`id`,`category`,`description`,`is_sold`,`name`,`price`) VALUES (31,"NECKLACE","et, magna. Praesent interdum ligula eu enim.",0,"nonummy ultricies ornare,","5.13");
INSERT INTO `products` (`id`,`category`,`description`,`is_sold`,`name`,`price`) VALUES (32,"NECKLACE","Suspendisse ac metus vitae velit egestas lacinia.",0,"augue id ante","9.83");
INSERT INTO `products` (`id`,`category`,`description`,`is_sold`,`name`,`price`) VALUES (33,"NECKLACE","luctus aliquet odio. Etiam ligula tortor, dictum",0,"ipsum primis in","6.27");
INSERT INTO `products` (`id`,`category`,`description`,`is_sold`,`name`,`price`) VALUES (34,"NECKLACE","sociis natoque penatibus et magnis dis parturient",0,"pharetra. Quisque ac","7.42");
INSERT INTO `products` (`id`,`category`,`description`,`is_sold`,`name`,`price`) VALUES (35,"NECKLACE","in, dolor. Fusce feugiat. Lorem ipsum dolor",0,"mus. Proin vel","8.58");
INSERT INTO `products` (`id`,`category`,`description`,`is_sold`,`name`,`price`) VALUES (36,"NECKLACE","velit egestas lacinia. Sed congue, elit sed",0,"vel quam dignissim","8.82");
INSERT INTO `products` (`id`,`category`,`description`,`is_sold`,`name`,`price`) VALUES (37,"NECKLACE","feugiat nec, diam. Duis mi enim, condimentum",0,"at pretium aliquet,","9.27");
INSERT INTO `products` (`id`,`category`,`description`,`is_sold`,`name`,`price`) VALUES (38,"NECKLACE","aliquam eros turpis non enim. Mauris quis",0,"non ante bibendum","9.84");
INSERT INTO `products` (`id`,`category`,`description`,`is_sold`,`name`,`price`) VALUES (39,"NECKLACE","Ut tincidunt vehicula risus. Nulla eget metus",0,"tincidunt pede ac","9.67");
INSERT INTO `products` (`id`,`category`,`description`,`is_sold`,`name`,`price`) VALUES (40,"NECKLACE","augue malesuada malesuada. Integer id magna et",1,"dis parturient montes,","5.30");
INSERT INTO `products` (`id`,`category`,`description`,`is_sold`,`name`,`price`) VALUES (41,"BRACELET","fermentum vel, mauris. Integer sem elit, pharetra",0,"montes, nascetur ridiculus","6.10");
INSERT INTO `products` (`id`,`category`,`description`,`is_sold`,`name`,`price`) VALUES (42,"BRACELET","quis lectus. Nullam suscipit, est ac facilisis",1,"Fusce aliquet magna","6.91");
INSERT INTO `products` (`id`,`category`,`description`,`is_sold`,`name`,`price`) VALUES (43,"BRACELET","vel, mauris. Integer sem elit, pharetra ut,",1,"tortor at risus.","5.03");
INSERT INTO `products` (`id`,`category`,`description`,`is_sold`,`name`,`price`) VALUES (44,"BRACELET","Aliquam fringilla cursus purus. Nullam scelerisque neque",0,"est. Mauris eu","9.39");
INSERT INTO `products` (`id`,`category`,`description`,`is_sold`,`name`,`price`) VALUES (45,"BRACELET","ullamcorper viverra. Maecenas iaculis aliquet diam. Sed",1,"nibh sit amet","5.11");
INSERT INTO `products` (`id`,`category`,`description`,`is_sold`,`name`,`price`) VALUES (46,"BRACELET","dignissim magna a tortor. Nunc commodo auctor",1,"Phasellus vitae mauris","7.45");
INSERT INTO `products` (`id`,`category`,`description`,`is_sold`,`name`,`price`) VALUES (47,"BRACELET","arcu. Vestibulum ut eros non enim commodo",0,"purus sapien, gravida","5.48");
INSERT INTO `products` (`id`,`category`,`description`,`is_sold`,`name`,`price`) VALUES (48,"BRACELET","odio semper cursus. Integer mollis. Integer tincidunt",1,"elit, dictum eu,","9.18");
INSERT INTO `products` (`id`,`category`,`description`,`is_sold`,`name`,`price`) VALUES (49,"BRACELET","tellus. Phasellus elit pede, malesuada vel, venenatis",1,"Mauris molestie pharetra","8.34");
INSERT INTO `products` (`id`,`category`,`description`,`is_sold`,`name`,`price`) VALUES (50,"BRACELET","eu, placerat eget, venenatis a, magna. Lorem",1,"elementum, dui quis","6.86");
INSERT INTO `products` (`id`,`category`,`description`,`is_sold`,`name`,`price`) VALUES (51,"EARRING","semper, dui lectus rutrum urna, nec luctus",1,"egestas nunc sed","6.59");
INSERT INTO `products` (`id`,`category`,`description`,`is_sold`,`name`,`price`) VALUES (52,"EARRING","pede. Nunc sed orci lobortis augue scelerisque",0,"sit amet, consectetuer","7.24");
INSERT INTO `products` (`id`,`category`,`description`,`is_sold`,`name`,`price`) VALUES (53,"EARRING","nulla. Cras eu tellus eu augue porttitor",1,"neque. Morbi quis","9.61");
INSERT INTO `products` (`id`,`category`,`description`,`is_sold`,`name`,`price`) VALUES (54,"EARRING","sit amet, consectetuer adipiscing elit. Curabitur sed",1,"vel, venenatis vel,","6.18");
INSERT INTO `products` (`id`,`category`,`description`,`is_sold`,`name`,`price`) VALUES (55,"EARRING","ipsum cursus vestibulum. Mauris magna. Duis dignissim",0,"dolor. Nulla semper","9.51");
INSERT INTO `products` (`id`,`category`,`description`,`is_sold`,`name`,`price`) VALUES (56,"EARRING","morbi tristique senectus et netus et malesuada",0,"lacus. Aliquam rutrum","6.83");
INSERT INTO `products` (`id`,`category`,`description`,`is_sold`,`name`,`price`) VALUES (57,"EARRING","dictum. Phasellus in felis. Nulla tempor augue",1,"a neque. Nullam","6.21");
INSERT INTO `products` (`id`,`category`,`description`,`is_sold`,`name`,`price`) VALUES (58,"EARRING","Proin eget odio. Aliquam vulputate ullamcorper magna.",1,"dignissim pharetra. Nam","7.64");
INSERT INTO `products` (`id`,`category`,`description`,`is_sold`,`name`,`price`) VALUES (59,"EARRING","Quisque ornare tortor at risus. Nunc ac",1,"torquent per conubia","8.64");
INSERT INTO `products` (`id`,`category`,`description`,`is_sold`,`name`,`price`) VALUES (60,"EARRING","Fusce aliquet magna a neque. Nullam ut",1,"Curabitur consequat, lectus","6.46");
INSERT INTO `products` (`id`,`category`,`description`,`is_sold`,`name`,`price`) VALUES (61,"NECKLACE","odio semper cursus. Integer mollis. Integer tincidunt",0,"hendrerit neque. In","7.54");
INSERT INTO `products` (`id`,`category`,`description`,`is_sold`,`name`,`price`) VALUES (62,"NECKLACE","sit amet ante. Vivamus non lorem vitae",1,"lorem tristique aliquet.","5.84");
INSERT INTO `products` (`id`,`category`,`description`,`is_sold`,`name`,`price`) VALUES (63,"NECKLACE","Cras eu tellus eu augue porttitor interdum.",1,"pellentesque. Sed dictum.","7.44");
INSERT INTO `products` (`id`,`category`,`description`,`is_sold`,`name`,`price`) VALUES (64,"NECKLACE","feugiat. Lorem ipsum dolor sit amet, consectetuer",1,"lacus. Quisque purus","9.13");
INSERT INTO `products` (`id`,`category`,`description`,`is_sold`,`name`,`price`) VALUES (65,"NECKLACE","Integer sem elit, pharetra ut, pharetra sed,",0,"magna et ipsum","5.81");
INSERT INTO `products` (`id`,`category`,`description`,`is_sold`,`name`,`price`) VALUES (66,"NECKLACE","est mauris, rhoncus id, mollis nec, cursus",1,"Quisque nonummy ipsum","6.92");
INSERT INTO `products` (`id`,`category`,`description`,`is_sold`,`name`,`price`) VALUES (67,"NECKLACE","consectetuer adipiscing elit. Aliquam auctor, velit eget",0,"natoque penatibus et","9.24");
INSERT INTO `products` (`id`,`category`,`description`,`is_sold`,`name`,`price`) VALUES (68,"NECKLACE","consectetuer adipiscing elit. Curabitur sed tortor. Integer",1,"Phasellus elit pede,","6.78");
INSERT INTO `products` (`id`,`category`,`description`,`is_sold`,`name`,`price`) VALUES (69,"NECKLACE","sit amet luctus vulputate, nisi sem semper",1,"erat. Vivamus nisi.","7.28");
INSERT INTO `products` (`id`,`category`,`description`,`is_sold`,`name`,`price`) VALUES (70,"NECKLACE","eget varius ultrices, mauris ipsum porta elit,",1,"ornare sagittis felis.","5.08");
INSERT INTO `products` (`id`,`category`,`description`,`is_sold`,`name`,`price`) VALUES (71,"BRACELET","ut dolor dapibus gravida. Aliquam tincidunt, nunc",0,"netus et malesuada","5.98");
INSERT INTO `products` (`id`,`category`,`description`,`is_sold`,`name`,`price`) VALUES (72,"BRACELET","libero nec ligula consectetuer rhoncus. Nullam velit",1,"consectetuer adipiscing elit.","6.16");
INSERT INTO `products` (`id`,`category`,`description`,`is_sold`,`name`,`price`) VALUES (73,"BRACELET","lorem vitae odio sagittis semper. Nam tempor",1,"sollicitudin commodo ipsum.","7.25");
INSERT INTO `products` (`id`,`category`,`description`,`is_sold`,`name`,`price`) VALUES (74,"BRACELET","auctor, nunc nulla vulputate dui, nec tempus",0,"Morbi quis urna.","7.25");
INSERT INTO `products` (`id`,`category`,`description`,`is_sold`,`name`,`price`) VALUES (75,"BRACELET","libero lacus, varius et, euismod et, commodo",1,"mi tempor lorem,","9.42");
INSERT INTO `products` (`id`,`category`,`description`,`is_sold`,`name`,`price`) VALUES (76,"BRACELET","placerat eget, venenatis a, magna. Lorem ipsum",1,"ipsum non arcu.","7.64");
INSERT INTO `products` (`id`,`category`,`description`,`is_sold`,`name`,`price`) VALUES (77,"BRACELET","parturient montes, nascetur ridiculus mus. Donec dignissim",1,"lorem lorem, luctus","6.56");
INSERT INTO `products` (`id`,`category`,`description`,`is_sold`,`name`,`price`) VALUES (78,"BRACELET","vestibulum nec, euismod in, dolor. Fusce feugiat.",1,"Integer in magna.","9.52");
INSERT INTO `products` (`id`,`category`,`description`,`is_sold`,`name`,`price`) VALUES (79,"BRACELET","Cras dolor dolor, tempus non, lacinia at,",1,"vel, faucibus id,","5.64");
INSERT INTO `products` (`id`,`category`,`description`,`is_sold`,`name`,`price`) VALUES (80,"BRACELET","vulputate, risus a ultricies adipiscing, enim mi",1,"nec, malesuada ut,","9.54");
INSERT INTO `products` (`id`,`category`,`description`,`is_sold`,`name`,`price`) VALUES (81,"EARRING","montes, nascetur ridiculus mus. Donec dignissim magna",1,"at, egestas a,","5.14");
INSERT INTO `products` (`id`,`category`,`description`,`is_sold`,`name`,`price`) VALUES (82,"EARRING","dolor elit, pellentesque a, facilisis non, bibendum",0,"leo elementum sem,","6.42");
INSERT INTO `products` (`id`,`category`,`description`,`is_sold`,`name`,`price`) VALUES (83,"EARRING","Etiam ligula tortor, dictum eu, placerat eget,",0,"auctor quis, tristique","7.12");
INSERT INTO `products` (`id`,`category`,`description`,`is_sold`,`name`,`price`) VALUES (84,"EARRING","Curabitur vel lectus. Cum sociis natoque penatibus",0,"eros. Nam consequat","7.07");
INSERT INTO `products` (`id`,`category`,`description`,`is_sold`,`name`,`price`) VALUES (85,"EARRING","nulla at sem molestie sodales. Mauris blandit",0,"enim non nisi.","9.54");
INSERT INTO `products` (`id`,`category`,`description`,`is_sold`,`name`,`price`) VALUES (86,"EARRING","Suspendisse sed dolor. Fusce mi lorem, vehicula",1,"Nulla tempor augue","9.78");
INSERT INTO `products` (`id`,`category`,`description`,`is_sold`,`name`,`price`) VALUES (87,"EARRING","enim. Mauris quis turpis vitae purus gravida",1,"fringilla. Donec feugiat","5.51");
INSERT INTO `products` (`id`,`category`,`description`,`is_sold`,`name`,`price`) VALUES (88,"EARRING","nec tempus scelerisque, lorem ipsum sodales purus,",0,"ultricies adipiscing, enim","8.67");
INSERT INTO `products` (`id`,`category`,`description`,`is_sold`,`name`,`price`) VALUES (89,"EARRING","libero est, congue a, aliquet vel, vulputate",0,"ac tellus. Suspendisse","7.80");
INSERT INTO `products` (`id`,`category`,`description`,`is_sold`,`name`,`price`) VALUES (90,"EARRING","Cras sed leo. Cras vehicula aliquet libero.",1,"Cras dictum ultricies","7.68");
INSERT INTO `products` (`id`,`category`,`description`,`is_sold`,`name`,`price`) VALUES (91,"NECKLACE","euismod et, commodo at, libero. Morbi accumsan",0,"primis in faucibus","6.15");
INSERT INTO `products` (`id`,`category`,`description`,`is_sold`,`name`,`price`) VALUES (92,"NECKLACE","magnis dis parturient montes, nascetur ridiculus mus.",1,"Duis a mi","7.82");
INSERT INTO `products` (`id`,`category`,`description`,`is_sold`,`name`,`price`) VALUES (93,"NECKLACE","penatibus et magnis dis parturient montes, nascetur",1,"urna. Vivamus molestie","6.38");
INSERT INTO `products` (`id`,`category`,`description`,`is_sold`,`name`,`price`) VALUES (94,"NECKLACE","a, dui. Cras pellentesque. Sed dictum. Proin",1,"vestibulum, neque sed","9.02");
INSERT INTO `products` (`id`,`category`,`description`,`is_sold`,`name`,`price`) VALUES (95,"NECKLACE","ut eros non enim commodo hendrerit. Donec",0,"Fusce mollis. Duis","6.06");
INSERT INTO `products` (`id`,`category`,`description`,`is_sold`,`name`,`price`) VALUES (96,"NECKLACE","sagittis. Nullam vitae diam. Proin dolor. Nulla",0,"fames ac turpis","5.70");
INSERT INTO `products` (`id`,`category`,`description`,`is_sold`,`name`,`price`) VALUES (97,"NECKLACE","magna. Praesent interdum ligula eu enim. Etiam",0,"accumsan laoreet ipsum.","5.52");
INSERT INTO `products` (`id`,`category`,`description`,`is_sold`,`name`,`price`) VALUES (98,"NECKLACE","eget varius ultrices, mauris ipsum porta elit,",1,"dolor sit amet,","8.22");
INSERT INTO `products` (`id`,`category`,`description`,`is_sold`,`name`,`price`) VALUES (99,"NECKLACE","eu turpis. Nulla aliquet. Proin velit. Sed",0,"ut ipsum ac","6.18");
INSERT INTO `products` (`id`,`category`,`description`,`is_sold`,`name`,`price`) VALUES (100,"NECKLACE","Donec consectetuer mauris id sapien. Cras dolor",1,"est, congue a,","9.76");

INSERT INTO `users_addresses` VALUES (1,27),(1,73),(3,38),(5,25),(6,53),(6,74),
(11,48),(13,2),(13,82),(14,13),(14,88),(14,99),(15,4),(17,75),(19,32),(19,50),(23,7),
(24,11),(26,37),(26,62),(28,89),(29,70),(29,91),(30,46),(37,17),(37,24),(37,93),(38,33),
(39,12),(39,55),(40,34),(43,72),(45,29),(45,96),(47,15),(47,61),(50,83),(52,3),(53,1),
(53,81),(55,56),(56,43),(63,94),(64,49),(65,6),(66,30),(68,97),(69,66),(71,60),(73,51),
(76,65),(76,90),(78,87),(79,26),(79,85),(82,41),(83,64),(85,5),(85,71),(86,14),(86,20),
(86,31),(89,52),(90,63),(91,69),(92,45),(93,54),(94,78),(96,77),(98,16),(100,28);

INSERT INTO `orders` (`id`,`date`,`is_sent`,`user_id`) VALUES (1,"2020-10-07 09:38:01",0,90);
INSERT INTO `orders` (`id`,`date`,`is_sent`,`user_id`) VALUES (2,"2021-04-18 09:56:21",1,87);
INSERT INTO `orders` (`id`,`date`,`is_sent`,`user_id`) VALUES (3,"2022-01-25 18:51:19",0,46);
INSERT INTO `orders` (`id`,`date`,`is_sent`,`user_id`) VALUES (4,"2021-08-09 15:12:28",0,85);
INSERT INTO `orders` (`id`,`date`,`is_sent`,`user_id`) VALUES (5,"2020-06-09 19:43:33",0,46);
INSERT INTO `orders` (`id`,`date`,`is_sent`,`user_id`) VALUES (6,"2021-12-05 10:28:35",0,74);
INSERT INTO `orders` (`id`,`date`,`is_sent`,`user_id`) VALUES (7,"2022-02-05 05:12:21",0,86);
INSERT INTO `orders` (`id`,`date`,`is_sent`,`user_id`) VALUES (8,"2022-03-26 09:05:48",1,17);
INSERT INTO `orders` (`id`,`date`,`is_sent`,`user_id`) VALUES (9,"2020-10-28 20:03:56",0,94);
INSERT INTO `orders` (`id`,`date`,`is_sent`,`user_id`) VALUES (10,"2021-01-02 22:49:17",0,52);
INSERT INTO `orders` (`id`,`date`,`is_sent`,`user_id`) VALUES (11,"2021-12-15 02:21:21",0,66);
INSERT INTO `orders` (`id`,`date`,`is_sent`,`user_id`) VALUES (12,"2021-08-20 17:45:29",0,38);
INSERT INTO `orders` (`id`,`date`,`is_sent`,`user_id`) VALUES (13,"2020-07-04 14:02:06",1,18);
INSERT INTO `orders` (`id`,`date`,`is_sent`,`user_id`) VALUES (14,"2020-12-07 20:57:08",0,91);
INSERT INTO `orders` (`id`,`date`,`is_sent`,`user_id`) VALUES (15,"2020-11-25 00:14:07",0,99);
INSERT INTO `orders` (`id`,`date`,`is_sent`,`user_id`) VALUES (16,"2022-03-27 19:49:29",1,6);
INSERT INTO `orders` (`id`,`date`,`is_sent`,`user_id`) VALUES (17,"2021-06-11 16:26:07",0,61);
INSERT INTO `orders` (`id`,`date`,`is_sent`,`user_id`) VALUES (18,"2021-05-04 15:13:44",1,30);
INSERT INTO `orders` (`id`,`date`,`is_sent`,`user_id`) VALUES (19,"2022-03-25 00:41:28",1,29);
INSERT INTO `orders` (`id`,`date`,`is_sent`,`user_id`) VALUES (20,"2022-03-14 12:23:24",1,62);
INSERT INTO `orders` (`id`,`date`,`is_sent`,`user_id`) VALUES (21,"2021-04-06 23:53:52",1,84);
INSERT INTO `orders` (`id`,`date`,`is_sent`,`user_id`) VALUES (22,"2020-08-16 03:52:10",0,55);
INSERT INTO `orders` (`id`,`date`,`is_sent`,`user_id`) VALUES (23,"2021-11-23 14:06:05",1,22);
INSERT INTO `orders` (`id`,`date`,`is_sent`,`user_id`) VALUES (24,"2020-12-13 16:59:25",0,63);
INSERT INTO `orders` (`id`,`date`,`is_sent`,`user_id`) VALUES (25,"2020-05-17 23:42:01",0,32);
INSERT INTO `orders` (`id`,`date`,`is_sent`,`user_id`) VALUES (26,"2022-01-26 15:24:34",0,25);
INSERT INTO `orders` (`id`,`date`,`is_sent`,`user_id`) VALUES (27,"2021-11-18 15:12:58",0,13);
INSERT INTO `orders` (`id`,`date`,`is_sent`,`user_id`) VALUES (28,"2020-05-30 13:38:29",1,25);
INSERT INTO `orders` (`id`,`date`,`is_sent`,`user_id`) VALUES (29,"2021-02-26 20:53:58",0,95);
INSERT INTO `orders` (`id`,`date`,`is_sent`,`user_id`) VALUES (30,"2022-02-05 08:11:44",0,68);
INSERT INTO `orders` (`id`,`date`,`is_sent`,`user_id`) VALUES (31,"2021-03-25 08:04:00",1,82);
INSERT INTO `orders` (`id`,`date`,`is_sent`,`user_id`) VALUES (32,"2022-03-17 07:35:20",0,55);
INSERT INTO `orders` (`id`,`date`,`is_sent`,`user_id`) VALUES (33,"2020-12-27 07:24:54",0,71);
INSERT INTO `orders` (`id`,`date`,`is_sent`,`user_id`) VALUES (34,"2022-02-04 13:22:51",1,2);
INSERT INTO `orders` (`id`,`date`,`is_sent`,`user_id`) VALUES (35,"2021-02-04 17:25:23",1,41);
INSERT INTO `orders` (`id`,`date`,`is_sent`,`user_id`) VALUES (36,"2021-06-02 00:47:52",0,37);
INSERT INTO `orders` (`id`,`date`,`is_sent`,`user_id`) VALUES (37,"2022-02-03 15:35:52",1,7);
INSERT INTO `orders` (`id`,`date`,`is_sent`,`user_id`) VALUES (38,"2020-09-28 20:39:38",1,53);
INSERT INTO `orders` (`id`,`date`,`is_sent`,`user_id`) VALUES (39,"2021-11-17 13:43:17",0,2);
INSERT INTO `orders` (`id`,`date`,`is_sent`,`user_id`) VALUES (40,"2020-06-01 17:09:58",1,100);
INSERT INTO `orders` (`id`,`date`,`is_sent`,`user_id`) VALUES (41,"2021-03-26 19:18:41",0,50);
INSERT INTO `orders` (`id`,`date`,`is_sent`,`user_id`) VALUES (42,"2020-12-26 20:51:07",0,47);
INSERT INTO `orders` (`id`,`date`,`is_sent`,`user_id`) VALUES (43,"2021-03-02 22:16:32",0,26);
INSERT INTO `orders` (`id`,`date`,`is_sent`,`user_id`) VALUES (44,"2021-10-04 16:35:54",0,12);
INSERT INTO `orders` (`id`,`date`,`is_sent`,`user_id`) VALUES (45,"2022-04-18 09:40:10",1,7);
INSERT INTO `orders` (`id`,`date`,`is_sent`,`user_id`) VALUES (46,"2020-07-07 09:24:58",0,12);
INSERT INTO `orders` (`id`,`date`,`is_sent`,`user_id`) VALUES (47,"2022-03-20 10:57:54",1,62);
INSERT INTO `orders` (`id`,`date`,`is_sent`,`user_id`) VALUES (48,"2020-07-11 12:54:17",1,23);
INSERT INTO `orders` (`id`,`date`,`is_sent`,`user_id`) VALUES (49,"2022-01-24 10:23:45",0,38);
INSERT INTO `orders` (`id`,`date`,`is_sent`,`user_id`) VALUES (50,"2022-05-02 00:29:05",1,33);
INSERT INTO `orders` (`id`,`date`,`is_sent`,`user_id`) VALUES (51,"2022-05-07 04:14:57",0,22);
INSERT INTO `orders` (`id`,`date`,`is_sent`,`user_id`) VALUES (52,"2020-11-28 09:09:23",1,25);
INSERT INTO `orders` (`id`,`date`,`is_sent`,`user_id`) VALUES (53,"2020-07-18 02:15:43",0,51);
INSERT INTO `orders` (`id`,`date`,`is_sent`,`user_id`) VALUES (54,"2021-12-07 03:35:32",0,45);
INSERT INTO `orders` (`id`,`date`,`is_sent`,`user_id`) VALUES (55,"2021-12-13 07:17:19",1,68);
INSERT INTO `orders` (`id`,`date`,`is_sent`,`user_id`) VALUES (56,"2022-02-06 02:16:31",0,24);
INSERT INTO `orders` (`id`,`date`,`is_sent`,`user_id`) VALUES (57,"2021-01-03 13:40:25",0,53);
INSERT INTO `orders` (`id`,`date`,`is_sent`,`user_id`) VALUES (58,"2021-09-08 19:01:32",0,49);
INSERT INTO `orders` (`id`,`date`,`is_sent`,`user_id`) VALUES (59,"2020-07-11 06:12:31",1,28);
INSERT INTO `orders` (`id`,`date`,`is_sent`,`user_id`) VALUES (60,"2021-06-03 00:00:13",1,12);
INSERT INTO `orders` (`id`,`date`,`is_sent`,`user_id`) VALUES (61,"2022-04-05 13:32:14",1,59);
INSERT INTO `orders` (`id`,`date`,`is_sent`,`user_id`) VALUES (62,"2020-12-19 15:42:02",0,95);
INSERT INTO `orders` (`id`,`date`,`is_sent`,`user_id`) VALUES (63,"2021-06-12 16:14:25",0,76);
INSERT INTO `orders` (`id`,`date`,`is_sent`,`user_id`) VALUES (64,"2021-06-20 23:47:39",0,13);
INSERT INTO `orders` (`id`,`date`,`is_sent`,`user_id`) VALUES (65,"2021-02-19 23:50:42",0,6);
INSERT INTO `orders` (`id`,`date`,`is_sent`,`user_id`) VALUES (66,"2021-05-05 01:59:37",0,56);
INSERT INTO `orders` (`id`,`date`,`is_sent`,`user_id`) VALUES (67,"2022-05-01 15:42:24",1,41);
INSERT INTO `orders` (`id`,`date`,`is_sent`,`user_id`) VALUES (68,"2022-01-13 04:46:04",1,26);
INSERT INTO `orders` (`id`,`date`,`is_sent`,`user_id`) VALUES (69,"2021-05-22 12:49:32",0,65);
INSERT INTO `orders` (`id`,`date`,`is_sent`,`user_id`) VALUES (70,"2022-02-11 00:57:30",1,66);
INSERT INTO `orders` (`id`,`date`,`is_sent`,`user_id`) VALUES (71,"2021-04-20 17:23:20",1,35);
INSERT INTO `orders` (`id`,`date`,`is_sent`,`user_id`) VALUES (72,"2021-12-08 03:39:37",0,52);
INSERT INTO `orders` (`id`,`date`,`is_sent`,`user_id`) VALUES (73,"2021-03-06 09:11:28",0,18);
INSERT INTO `orders` (`id`,`date`,`is_sent`,`user_id`) VALUES (74,"2022-03-17 17:24:40",1,63);
INSERT INTO `orders` (`id`,`date`,`is_sent`,`user_id`) VALUES (75,"2020-09-18 16:23:43",1,6);
INSERT INTO `orders` (`id`,`date`,`is_sent`,`user_id`) VALUES (76,"2020-12-12 13:08:04",0,60);
INSERT INTO `orders` (`id`,`date`,`is_sent`,`user_id`) VALUES (77,"2021-05-09 07:45:26",0,38);
INSERT INTO `orders` (`id`,`date`,`is_sent`,`user_id`) VALUES (78,"2021-01-09 15:46:40",0,27);
INSERT INTO `orders` (`id`,`date`,`is_sent`,`user_id`) VALUES (79,"2021-08-04 11:51:35",1,90);
INSERT INTO `orders` (`id`,`date`,`is_sent`,`user_id`) VALUES (80,"2021-08-23 07:25:22",0,60);
INSERT INTO `orders` (`id`,`date`,`is_sent`,`user_id`) VALUES (81,"2020-10-23 20:24:07",0,35);
INSERT INTO `orders` (`id`,`date`,`is_sent`,`user_id`) VALUES (82,"2022-03-04 19:46:00",0,47);
INSERT INTO `orders` (`id`,`date`,`is_sent`,`user_id`) VALUES (83,"2021-06-30 09:34:34",0,37);
INSERT INTO `orders` (`id`,`date`,`is_sent`,`user_id`) VALUES (84,"2021-11-30 15:12:24",1,21);
INSERT INTO `orders` (`id`,`date`,`is_sent`,`user_id`) VALUES (85,"2020-05-24 12:51:40",0,13);
INSERT INTO `orders` (`id`,`date`,`is_sent`,`user_id`) VALUES (86,"2020-08-06 07:39:33",0,50);
INSERT INTO `orders` (`id`,`date`,`is_sent`,`user_id`) VALUES (87,"2020-06-02 10:15:31",1,24);
INSERT INTO `orders` (`id`,`date`,`is_sent`,`user_id`) VALUES (88,"2021-12-02 18:21:45",0,17);
INSERT INTO `orders` (`id`,`date`,`is_sent`,`user_id`) VALUES (89,"2020-10-09 13:57:52",1,54);
INSERT INTO `orders` (`id`,`date`,`is_sent`,`user_id`) VALUES (90,"2021-07-27 16:07:31",0,31);
INSERT INTO `orders` (`id`,`date`,`is_sent`,`user_id`) VALUES (91,"2020-06-08 09:38:02",0,78);
INSERT INTO `orders` (`id`,`date`,`is_sent`,`user_id`) VALUES (92,"2020-10-01 13:20:45",0,39);
INSERT INTO `orders` (`id`,`date`,`is_sent`,`user_id`) VALUES (93,"2021-07-29 22:36:34",1,5);
INSERT INTO `orders` (`id`,`date`,`is_sent`,`user_id`) VALUES (94,"2022-03-27 21:00:01",1,74);
INSERT INTO `orders` (`id`,`date`,`is_sent`,`user_id`) VALUES (95,"2020-10-09 09:31:57",0,81);
INSERT INTO `orders` (`id`,`date`,`is_sent`,`user_id`) VALUES (96,"2021-03-28 15:07:16",1,40);
INSERT INTO `orders` (`id`,`date`,`is_sent`,`user_id`) VALUES (97,"2021-08-14 08:07:29",1,13);
INSERT INTO `orders` (`id`,`date`,`is_sent`,`user_id`) VALUES (98,"2021-11-10 21:54:26",0,58);
INSERT INTO `orders` (`id`,`date`,`is_sent`,`user_id`) VALUES (99,"2021-08-01 11:54:24",0,22);
INSERT INTO `orders` (`id`,`date`,`is_sent`,`user_id`) VALUES (100,"2021-12-10 07:59:47",1,44);


